RSSI,Name,Timestamp
-50,egopi1,1489692106668
-88,egopi3,1489692106753
-50,egopi1,1489692106790
-72,egopi2,1489692106824
-86,egopi3,1489692106873
-49,egopi1,1489692106917
-72,egopi2,1489692106949
-85,egopi3,1489692107003
-49,egopi1,1489692107045
-83,egopi3,1489692107131
-49,egopi1,1489692107173
-77,egopi2,1489692107200
-80,Surge,1489692107216
-86,egopi3,1489692107260
-49,egopi1,1489692107301
-77,egopi2,1489692107326
-85,egopi3,1489692107386
-48,egopi1,1489692107426
-70,egopi2,1489692107454
-89,egopi3,1489692107516
-95,null,1489692107536
-45,egopi1,1489692107552
-72,egopi2,1489692107583
-83,egopi3,1489692107643
-49,egopi1,1489692107678
-78,egopi2,1489692107708
-51,egopi1,1489692107803
-77,egopi2,1489692107833
-85,egopi3,1489692107901
-62,egopi1,1489692107932
-79,egopi2,1489692107963
-84,egopi3,1489692108031
-53,egopi1,1489692108058
-82,egopi2,1489692108089
-99,null,1489692108157
-78,egopi3,1489692108174
-47,egopi1,1489692108190
-75,egopi2,1489692108217
-77,egopi3,1489692108289
-94,null,1489692108313
-53,egopi1,1489692108317
-72,egopi2,1489692108342
-79,egopi3,1489692108413
-76,Surge,1489692108426
-49,egopi1,1489692108444
-70,egopi2,1489692108471
-83,egopi3,1489692108540
-48,egopi1,1489692108568
-72,egopi2,1489692108597
-92,null,1489692108622
-86,egopi3,1489692108667
-73,egopi2,1489692108726
-93,egopi3,1489692108796
-47,egopi1,1489692108822
-84,egopi2,1489692108853
-97,null,1489692108889
-83,egopi3,1489692108921
-45,egopi1,1489692108947
-74,egopi2,1489692108979
-79,egopi3,1489692109046
-40,egopi1,1489692109072
-74,egopi2,1489692109105
-81,egopi3,1489692109176
-44,egopi1,1489692109201
-94,null,1489692109218
-81,egopi2,1489692109233
-84,egopi3,1489692109302
-40,egopi1,1489692109329
-69,egopi2,1489692109355
-82,egopi3,1489692109427
-43,egopi1,1489692109453
-77,egopi2,1489692109485
-42,egopi1,1489692109595
-75,Surge,1489692109639
-92,egopi3,1489692109681
-42,egopi1,1489692109710
-78,egopi2,1489692109739
-43,egopi1,1489692109842
-69,egopi2,1489692109884
-82,egopi3,1489692109938
-44,egopi1,1489692109961
-76,egopi2,1489692109994
-85,egopi3,1489692110069
-47,egopi1,1489692110106
-69,egopi2,1489692110139
-79,egopi3,1489692110189
-52,egopi1,1489692110212
-70,egopi2,1489692110241
-85,egopi3,1489692110317
-64,egopi1,1489692110343
-80,egopi2,1489692110377
-78,egopi3,1489692110450
-53,egopi1,1489692110468
-72,egopi2,1489692110499
-89,egopi3,1489692110566
-94,null,1489692110579
-44,egopi1,1489692110597
-68,egopi2,1489692110624
-85,egopi3,1489692110701
-45,egopi1,1489692110733
-76,egopi2,1489692110753
-85,egopi3,1489692110833
-82,Surge,1489692110842
-44,egopi1,1489692110858
-70,egopi2,1489692110889
-44,egopi1,1489692110978
-69,egopi2,1489692111003
-44,egopi1,1489692111108
-80,egopi3,1489692111203
-44,egopi1,1489692111221
-69,egopi2,1489692111256
-80,egopi3,1489692111329
-44,egopi1,1489692111351
-68,egopi2,1489692111380
-79,egopi3,1489692111453
-89,null,1489692111465
-40,egopi1,1489692111482
-68,egopi2,1489692111506
-81,egopi3,1489692111581
-43,egopi1,1489692111602
-69,egopi2,1489692111637
-82,null,1489692111641
-86,egopi3,1489692111706
-43,egopi1,1489692111727
-73,egopi2,1489692111761
-89,egopi3,1489692111832
-43,egopi1,1489692111853
-73,egopi2,1489692111888
-89,egopi3,1489692111959
-55,egopi1,1489692111978
-73,egopi2,1489692112012
-78,Surge,1489692112040
-79,egopi3,1489692112087
-42,egopi1,1489692112104
-75,egopi2,1489692112140
-94,null,1489692112173
-88,null,1489692112191
-44,egopi1,1489692112229
-75,egopi2,1489692112268
-83,egopi3,1489692112337
-93,null,1489692112370
-74,egopi2,1489692112394
-46,egopi1,1489692112482
-73,egopi2,1489692112518
-94,null,1489692112542
-47,egopi1,1489692112610
-70,egopi2,1489692112645
-87,egopi3,1489692112715
-43,egopi1,1489692112737
-77,egopi2,1489692112770
-79,egopi3,1489692112845
-52,egopi1,1489692112863
-76,egopi2,1489692112897
-81,egopi3,1489692112971
-49,egopi1,1489692112987
-74,egopi2,1489692113021
-87,egopi3,1489692113098
-51,egopi1,1489692113116
-74,egopi2,1489692113146
-77,egopi3,1489692113222
-51,egopi1,1489692113243
-77,Surge,1489692113246
-76,egopi2,1489692113279
-81,egopi3,1489692113351
-50,egopi1,1489692113370
-70,egopi2,1489692113403
-78,egopi3,1489692113479
-47,egopi1,1489692113501
-71,egopi2,1489692113530
-73,egopi3,1489692113604
-43,egopi1,1489692113619
-74,egopi2,1489692113653
-87,egopi3,1489692113729
-45,egopi1,1489692113753
-72,egopi2,1489692113780
-88,egopi3,1489692113856
-47,egopi1,1489692113874
-73,egopi2,1489692113907
-83,egopi3,1489692113986
-46,egopi1,1489692114005
-75,egopi2,1489692114032
-79,egopi3,1489692114117
-46,egopi1,1489692114143
-75,egopi2,1489692114162
-92,egopi3,1489692114233
-47,egopi1,1489692114266
-65,egopi2,1489692114300
-72,egopi3,1489692114362
-97,null,1489692114389
-43,egopi1,1489692114393
-65,egopi2,1489692114414
-89,Surge,1489692114448
-73,egopi3,1489692114489
-56,egopi1,1489692114512
-74,egopi2,1489692114545
-80,egopi3,1489692114622
-56,egopi1,1489692114668
-71,egopi2,1489692114693
-78,egopi3,1489692114737
-69,egopi1,1489692114758
-76,egopi2,1489692114791
-82,egopi3,1489692114862
-81,egopi1,1489692114881
-69,egopi3,1489692114993
-54,egopi1,1489692115019
-73,egopi2,1489692115049
-70,egopi3,1489692115119
-60,egopi1,1489692115143
-68,egopi2,1489692115176
-82,egopi3,1489692115251
-62,egopi1,1489692115284
-68,egopi2,1489692115307
-85,egopi3,1489692115371
-60,egopi1,1489692115390
-76,egopi3,1489692115498
-52,egopi1,1489692115520
-85,egopi2,1489692115554
-71,egopi3,1489692115623
-85,egopi2,1489692115676
-72,egopi3,1489692115748
-66,egopi1,1489692115783
-74,egopi2,1489692115809
-72,egopi3,1489692115874
-56,egopi1,1489692115900
-77,egopi2,1489692115927
-76,egopi3,1489692116000
-53,egopi1,1489692116031
-69,egopi2,1489692116057
-77,egopi3,1489692116127
-67,egopi1,1489692116160
-82,egopi2,1489692116181
-90,egopi3,1489692116252
-70,egopi1,1489692116287
-81,egopi2,1489692116309
-91,egopi3,1489692116377
-61,egopi1,1489692116412
-73,egopi2,1489692116431
-82,egopi3,1489692116504
-66,egopi1,1489692116544
-76,egopi2,1489692116564
-77,egopi3,1489692116633
-65,egopi1,1489692116665
-72,egopi2,1489692116687
-76,egopi3,1489692116760
-81,egopi1,1489692116794
-68,egopi2,1489692116815
-77,Surge,1489692116852
-76,egopi3,1489692116886
-57,egopi1,1489692116924
-79,egopi3,1489692117012
-63,egopi1,1489692117053
-69,egopi2,1489692117070
-76,egopi3,1489692117137
-71,egopi1,1489692117182
-70,egopi2,1489692117201
-80,egopi3,1489692117266
-57,egopi1,1489692117307
-67,egopi2,1489692117334
-82,egopi3,1489692117391
-57,egopi1,1489692117432
-74,egopi2,1489692117453
-81,egopi3,1489692117516
-57,egopi1,1489692117557
-75,egopi2,1489692117581
-85,egopi3,1489692117641
-55,egopi1,1489692117682
-79,egopi2,1489692117708
-71,egopi3,1489692117769
-58,egopi1,1489692117811
-74,egopi2,1489692117835
-70,egopi3,1489692117896
-61,egopi1,1489692117938
-79,egopi2,1489692117962
-67,egopi3,1489692118025
-79,Surge,1489692118059
-57,egopi1,1489692118072
-81,egopi2,1489692118093
-55,egopi1,1489692118192
-71,egopi2,1489692118216
-77,egopi3,1489692118278
-66,egopi1,1489692118319
-82,egopi3,1489692118405
-58,egopi1,1489692118445
-81,egopi2,1489692118472
-63,egopi1,1489692118574
-76,egopi2,1489692118601
-81,egopi3,1489692118658
-78,egopi1,1489692118703
-77,egopi2,1489692118730
-87,egopi3,1489692118788
-74,egopi1,1489692118832
-79,egopi2,1489692118855
-75,egopi3,1489692118917
-63,egopi1,1489692118961
-80,egopi2,1489692118981
-77,egopi3,1489692119043
-60,egopi1,1489692119091
-77,egopi2,1489692119116
-78,egopi3,1489692119171
-67,egopi1,1489692119221
-83,egopi2,1489692119235
-78,egopi3,1489692119298
-64,egopi1,1489692119346
-89,egopi2,1489692119367
-79,egopi3,1489692119423
-70,egopi1,1489692119471
-83,egopi2,1489692119488
-73,egopi3,1489692119552
-70,egopi1,1489692119596
-88,egopi2,1489692119621
-69,egopi3,1489692119681
-73,egopi1,1489692119721
-80,egopi2,1489692119740
-71,egopi3,1489692119811
-78,egopi1,1489692119846
-77,egopi2,1489692119869
-69,egopi3,1489692119940
-65,egopi1,1489692119975
-85,egopi2,1489692119994
-72,egopi3,1489692120066
-76,egopi1,1489692120105
-81,egopi2,1489692120124
-70,egopi3,1489692120190
-75,egopi1,1489692120233
-70,egopi3,1489692120315
-66,egopi1,1489692120362
-85,egopi2,1489692120381
-70,egopi3,1489692120440
-94,Surge,1489692120468
-73,egopi1,1489692120494
-73,egopi2,1489692120511
-70,egopi3,1489692120570
-78,egopi1,1489692120618
-77,egopi2,1489692120640
-71,egopi3,1489692120696
-69,egopi1,1489692120748
-81,egopi2,1489692120772
-79,egopi3,1489692120821
-64,egopi1,1489692120877
-78,egopi2,1489692120896
-84,egopi3,1489692120950
-63,egopi1,1489692121001
-79,egopi3,1489692121079
-66,egopi1,1489692121125
-77,egopi2,1489692121152
-88,egopi3,1489692121203
-78,egopi1,1489692121254
-74,egopi2,1489692121271
-86,egopi3,1489692121334
-66,egopi1,1489692121380
-82,egopi2,1489692121404
-83,egopi3,1489692121463
-61,egopi1,1489692121506
-81,egopi2,1489692121524
-80,egopi3,1489692121593
-71,egopi1,1489692121634
-79,egopi2,1489692121654
-79,egopi3,1489692121720
-64,egopi1,1489692121763
-73,egopi2,1489692121786
-83,egopi3,1489692121850
-65,egopi1,1489692121890
-81,egopi2,1489692121911
-84,egopi3,1489692121980
-60,egopi1,1489692122019
-81,egopi2,1489692122040
-82,egopi3,1489692122105
-67,egopi1,1489692122146
-72,egopi2,1489692122167
-76,egopi3,1489692122231
-71,egopi1,1489692122276
-83,egopi2,1489692122293
-82,egopi3,1489692122355
-71,egopi1,1489692122403
-94,egopi2,1489692122426
-84,egopi3,1489692122481
-72,egopi1,1489692122528
-75,egopi2,1489692122549
-72,egopi1,1489692122657
-81,egopi2,1489692122677
-78,egopi3,1489692122734
-74,egopi1,1489692122782
-84,egopi2,1489692122803
-81,egopi3,1489692122864
-65,egopi1,1489692122911
-79,egopi2,1489692122932
-81,egopi3,1489692122993
-92,egopi1,1489692123035
-75,egopi2,1489692123054
-91,egopi3,1489692123122
-64,egopi1,1489692123162
-83,egopi2,1489692123184
-86,egopi3,1489692123248
-62,egopi1,1489692123292
-71,egopi2,1489692123322
-67,egopi1,1489692123422
-69,egopi2,1489692123440
-67,egopi1,1489692123546
-81,egopi2,1489692123570
-86,egopi3,1489692123632
-70,egopi1,1489692123680
-74,egopi2,1489692123707
-85,egopi3,1489692123761
-77,egopi1,1489692123808
-77,egopi2,1489692123824
-78,egopi1,1489692123926
-84,egopi2,1489692123953
-67,egopi1,1489692124054
-62,egopi1,1489692124178
-86,egopi2,1489692124207
-66,egopi1,1489692124303
-71,egopi2,1489692124333
-69,egopi3,1489692124394
-73,egopi1,1489692124429
-73,egopi2,1489692124460
-67,egopi3,1489692124524
-76,egopi1,1489692124554
-71,egopi2,1489692124585
-74,egopi3,1489692124650
-75,egopi1,1489692124681
-76,egopi2,1489692124712
-78,egopi3,1489692124779
-66,egopi1,1489692124806
-65,egopi2,1489692124842
-74,egopi3,1489692124906
-76,egopi1,1489692124935
-76,egopi2,1489692124970
-69,egopi1,1489692125059
-70,egopi2,1489692125097
-83,egopi1,1489692125187
-78,egopi2,1489692125222
-79,egopi3,1489692125290
-64,egopi1,1489692125314
-63,egopi2,1489692125347
-79,egopi3,1489692125417
-67,egopi1,1489692125440
-67,egopi2,1489692125475
-82,egopi3,1489692125542
-62,egopi1,1489692125569
-87,egopi2,1489692125602
-80,egopi3,1489692125670
-60,egopi1,1489692125688
-70,egopi2,1489692125727
-88,egopi3,1489692125795
-64,egopi1,1489692125822
-65,egopi2,1489692125852
-86,egopi3,1489692125922
-60,egopi1,1489692125944
-61,egopi2,1489692125977
-91,egopi3,1489692126051
-60,egopi1,1489692126071
-62,egopi2,1489692126102
-60,egopi1,1489692126191
-63,egopi2,1489692126229
-96,null,1489692126295
-88,egopi3,1489692126309
-57,egopi1,1489692126325
-73,egopi2,1489692126355
-98,null,1489692126479
-89,egopi3,1489692126558
-55,egopi1,1489692126578
-75,egopi2,1489692126608
-82,egopi3,1489692126685
-54,egopi1,1489692126710
-71,egopi2,1489692126736
-83,egopi3,1489692126812
-59,egopi1,1489692126840
-76,egopi2,1489692126866
-81,egopi3,1489692126937
-53,egopi1,1489692126962
-73,egopi2,1489692126992
-55,egopi1,1489692127080
-75,egopi2,1489692127137
-79,egopi3,1489692127189
-54,egopi1,1489692127217
-65,egopi2,1489692127241
-60,egopi1,1489692127333
-72,egopi2,1489692127369
-82,egopi3,1489692127447
-56,egopi1,1489692127469
-69,egopi2,1489692127493
-52,egopi1,1489692127586
-64,egopi2,1489692127614
-77,egopi2,1489692127742
-78,egopi3,1489692127824
-55,egopi1,1489692127859
-68,egopi2,1489692127878
-78,egopi3,1489692127945
-51,egopi1,1489692127972
-65,egopi2,1489692127995
-83,egopi3,1489692128070
-57,egopi1,1489692128096
-65,egopi2,1489692128138
-84,egopi3,1489692128202
-58,egopi1,1489692128257
-65,egopi2,1489692128267
-96,null,1489692128301
-76,egopi3,1489692128327
-49,egopi1,1489692128348
-65,egopi2,1489692128376
-80,egopi3,1489692128447
-57,egopi1,1489692128474
-69,egopi2,1489692128501
-78,egopi3,1489692128582
-53,egopi1,1489692128601
-63,egopi2,1489692128629
-79,egopi3,1489692128702
-50,egopi1,1489692128723
-59,egopi2,1489692128756
-82,egopi3,1489692128827
-52,egopi1,1489692128853
-81,egopi2,1489692128885
-88,egopi3,1489692128951
-51,egopi1,1489692128979
-88,egopi3,1489692129077
-44,egopi1,1489692129103
-76,egopi2,1489692129138
-91,egopi3,1489692129206
-52,egopi1,1489692129235
-65,egopi2,1489692129261
-86,egopi3,1489692129334
-56,egopi1,1489692129355
-72,egopi2,1489692129388
-78,egopi3,1489692129459
-56,egopi1,1489692129492
-60,egopi2,1489692129517
-77,egopi3,1489692129583
-95,null,1489692129605
-56,egopi1,1489692129622
-69,egopi2,1489692129641
-51,egopi1,1489692129741
-67,egopi2,1489692129768
-82,egopi3,1489692129838
-62,egopi1,1489692129867
-63,egopi2,1489692129897
-90,egopi3,1489692129963
-70,egopi1,1489692129995
-65,egopi2,1489692130025
-82,egopi3,1489692130089
-61,egopi1,1489692130122
-62,egopi2,1489692130150
-80,egopi3,1489692130217
-50,egopi1,1489692130249
-97,null,1489692130327
-75,egopi3,1489692130348
-56,egopi1,1489692130374
-66,egopi2,1489692130404
-73,egopi3,1489692130471
-72,egopi1,1489692130499
-63,egopi2,1489692130528
-74,egopi3,1489692130598
-54,egopi1,1489692130624
-68,egopi2,1489692130650
-72,egopi3,1489692130724
-54,egopi1,1489692130796
-68,egopi2,1489692130800
-71,egopi3,1489692130851
-61,egopi1,1489692130881
-58,egopi2,1489692130904
-74,egopi3,1489692130980
-53,egopi1,1489692131006
-59,egopi2,1489692131034
-81,egopi3,1489692131108
-58,egopi1,1489692131134
-63,egopi2,1489692131160
-83,egopi3,1489692131235
-55,egopi1,1489692131262
-68,egopi2,1489692131290
-79,Surge,1489692131320
-76,egopi3,1489692131360
-55,egopi1,1489692131389
-68,egopi2,1489692131417
-80,egopi3,1489692131486
-55,egopi1,1489692131514
-75,egopi3,1489692131612
-50,egopi1,1489692131640
-54,egopi2,1489692131672
-95,null,1489692131724
-78,egopi3,1489692131737
-48,egopi1,1489692131765
-60,egopi2,1489692131798
-76,egopi3,1489692131862
-55,egopi1,1489692131896
-58,egopi2,1489692131923
-83,egopi3,1489692131987
-51,egopi1,1489692132021
-58,egopi2,1489692132048
-75,egopi3,1489692132114
-50,egopi1,1489692132149
-55,egopi2,1489692132177
-96,null,1489692132194
-77,egopi3,1489692132243
-61,egopi1,1489692132276
-64,egopi2,1489692132303
-81,egopi3,1489692132371
-54,egopi1,1489692132402
-66,egopi2,1489692132431
-75,egopi3,1489692132499
-85,Surge,1489692132529
-56,egopi1,1489692132533
-63,egopi2,1489692132556
-74,egopi3,1489692132627
-53,egopi1,1489692132652
-64,egopi2,1489692132684
-74,egopi3,1489692132754
-57,egopi1,1489692132780
-66,egopi2,1489692132812
-83,egopi3,1489692132882
-55,egopi1,1489692132906
-70,egopi2,1489692132939
-85,egopi3,1489692133008
-56,egopi1,1489692133031
-63,egopi2,1489692133063
-61,egopi1,1489692133156
-65,egopi2,1489692133191
-83,egopi3,1489692133259
-64,egopi1,1489692133285
-74,egopi2,1489692133315
-79,egopi3,1489692133381
-58,egopi1,1489692133411
-74,egopi2,1489692133442
-81,egopi3,1489692133512
-63,egopi1,1489692133541
-74,egopi2,1489692133571
-57,egopi1,1489692133666
-58,egopi1,1489692133794
-68,egopi2,1489692133824
-59,egopi1,1489692133919
-66,egopi2,1489692133949
-82,egopi3,1489692134022
-62,egopi1,1489692134047
-71,egopi2,1489692134075
-89,egopi3,1489692134148
-61,egopi1,1489692134180
-73,egopi2,1489692134209
-89,egopi3,1489692134272
-70,egopi1,1489692134304
-72,egopi2,1489692134328
-67,egopi1,1489692134434
-81,egopi2,1489692134461
-84,egopi3,1489692134523
-60,egopi1,1489692134561
-76,egopi2,1489692134580
-83,egopi3,1489692134651
-71,egopi1,1489692134688
-73,egopi2,1489692134713
-82,egopi3,1489692134779
-66,egopi1,1489692134814
-93,egopi2,1489692134835
-78,egopi3,1489692134907
-93,Surge,1489692134929
-73,egopi1,1489692134949
-72,egopi2,1489692134964
-77,egopi3,1489692135034
-68,egopi1,1489692135073
-71,egopi2,1489692135102
-74,egopi3,1489692135159
-70,egopi1,1489692135198
-74,egopi2,1489692135216
-73,egopi3,1489692135284
-68,egopi1,1489692135323
-73,egopi2,1489692135350
-93,egopi3,1489692135410
-73,egopi1,1489692135449
-83,egopi2,1489692135473
-82,egopi3,1489692135537
-69,egopi1,1489692135576
-84,egopi2,1489692135607
-84,egopi3,1489692135664
-85,egopi1,1489692135703
-68,egopi2,1489692135724
-78,egopi3,1489692135789
-69,egopi1,1489692135831
-71,egopi2,1489692135856
-82,egopi3,1489692135914
-74,egopi1,1489692135957
-74,egopi2,1489692135983
-84,egopi3,1489692136044
-77,egopi1,1489692136085
-73,egopi2,1489692136111
-84,egopi3,1489692136170
-78,egopi1,1489692136212
-70,egopi2,1489692136239
-94,egopi3,1489692136298
-81,egopi1,1489692136342
-71,egopi1,1489692136472
-71,egopi1,1489692136599
-73,egopi2,1489692136626
-69,egopi1,1489692136724
-73,egopi2,1489692136750
-85,egopi3,1489692136806
-64,egopi1,1489692136852
-72,egopi2,1489692136881
-84,egopi3,1489692136935
-65,egopi1,1489692136980
-75,egopi2,1489692136999
-89,egopi3,1489692137064
-64,egopi1,1489692137106
-89,egopi3,1489692137193
-69,egopi1,1489692137231
-70,egopi2,1489692137257
-84,egopi3,1489692137322
-67,egopi1,1489692137355
-63,egopi2,1489692137385
-93,egopi3,1489692137447
-67,egopi1,1489692137480
-63,egopi2,1489692137509
-84,egopi3,1489692137573
-75,egopi1,1489692137610
-72,egopi2,1489692137636
-72,egopi1,1489692137738
-70,egopi2,1489692137762
-70,egopi1,1489692137866
-66,egopi2,1489692137893
-70,egopi1,1489692137992
-73,egopi2,1489692138021
-89,egopi3,1489692138083
-71,egopi1,1489692138118
-70,egopi2,1489692138148
-72,egopi1,1489692138249
-83,egopi2,1489692138277
-67,egopi1,1489692138374
-64,egopi2,1489692138403
-90,egopi3,1489692138463
-67,egopi1,1489692138500
-62,egopi2,1489692138529
-87,egopi3,1489692138591
-69,egopi1,1489692138625
-75,egopi2,1489692138654
-82,egopi3,1489692138717
-76,egopi1,1489692138751
-73,egopi2,1489692138785
-80,egopi3,1489692138845
-65,egopi1,1489692138876
-96,null,1489692138929
-81,egopi3,1489692138973
-76,egopi1,1489692139003
-77,egopi2,1489692139035
-73,egopi1,1489692139132
-71,egopi2,1489692139158
-69,egopi1,1489692139258
-66,egopi2,1489692139288
-78,egopi1,1489692139383
-69,egopi2,1489692139414
-76,egopi1,1489692139510
-71,egopi2,1489692139547
-69,egopi1,1489692139636
-68,egopi2,1489692139669
-69,egopi1,1489692139763
-76,egopi2,1489692139799
-79,egopi3,1489692139865
-70,egopi1,1489692139890
-70,egopi2,1489692139923
-83,egopi3,1489692139990
-65,egopi1,1489692140014
-65,egopi2,1489692140048
-64,egopi1,1489692140141
-67,egopi2,1489692140177
-59,egopi1,1489692140266
-66,egopi2,1489692140300
-60,egopi1,1489692140396
-69,egopi2,1489692140427
-79,egopi3,1489692140498
-61,egopi2,1489692140552
-62,egopi1,1489692140650
-61,egopi2,1489692140681
-55,egopi1,1489692140774
-90,egopi2,1489692140807
-100,null,1489692140864
-87,egopi3,1489692140884
-52,egopi1,1489692140917
-67,egopi2,1489692140947
-99,null,1489692141020
-61,egopi1,1489692141054
-72,egopi2,1489692141082
-82,egopi3,1489692141134
-60,egopi1,1489692141154
-63,egopi2,1489692141185
-57,egopi1,1489692141278
-65,egopi2,1489692141313
-61,egopi1,1489692141403
-64,egopi2,1489692141437
-103,null,1489692141491
-62,egopi1,1489692141529
-63,egopi2,1489692141562
-86,egopi3,1489692141635
-64,egopi1,1489692141656
-97,null,1489692141684
-68,egopi2,1489692141701
-84,egopi3,1489692141762
-55,egopi1,1489692141791
-68,egopi2,1489692141821
-89,egopi3,1489692141891
-54,egopi1,1489692141920
-61,egopi2,1489692141946
-58,egopi1,1489692142033
-63,egopi2,1489692142069
-92,egopi3,1489692142142
-60,egopi1,1489692142164
-62,egopi2,1489692142199
-62,egopi1,1489692142286
-57,egopi2,1489692142324
-95,egopi3,1489692142395
-67,egopi1,1489692142427
-63,egopi2,1489692142455
-65,egopi1,1489692142541
-61,egopi2,1489692142578
-79,egopi3,1489692142649
-67,egopi1,1489692142685
-58,egopi2,1489692142716
-93,null,1489692142780
-72,egopi1,1489692142808
-58,egopi2,1489692142836
-83,egopi3,1489692142902
-60,egopi1,1489692142933
-60,egopi2,1489692142967
-92,egopi3,1489692143026
-76,egopi1,1489692143052
-84,egopi3,1489692143161
-61,egopi1,1489692143187
-77,egopi2,1489692143218
-61,egopi1,1489692143301
-56,egopi2,1489692143333
-64,egopi1,1489692143431
-60,egopi2,1489692143468
-91,egopi3,1489692143537
-58,egopi1,1489692143578
-64,egopi2,1489692143604
-89,egopi3,1489692143662
-66,egopi1,1489692143689
-62,egopi2,1489692143727
-68,egopi1,1489692143810
-60,egopi2,1489692143866
-78,egopi3,1489692143912
-60,egopi1,1489692143934
-59,egopi2,1489692143963
-87,egopi3,1489692144037
-72,egopi1,1489692144062
-63,egopi2,1489692144091
-64,egopi1,1489692144187
-60,egopi2,1489692144218
-76,egopi1,1489692144316
-66,egopi1,1489692144442
-64,egopi2,1489692144469
-88,Surge,1489692144568
-63,egopi1,1489692144594
-56,egopi2,1489692144598
-87,egopi3,1489692144666
-63,egopi1,1489692144701
-58,egopi2,1489692144733
-58,egopi1,1489692144825
-62,egopi2,1489692144851
-58,egopi1,1489692144950
-57,egopi2,1489692144983
-60,egopi1,1489692145076
-53,egopi2,1489692145104
-99,null,1489692145160
-58,egopi1,1489692145206
-55,egopi2,1489692145233
-82,egopi3,1489692145300
-55,egopi1,1489692145331
-64,egopi2,1489692145359
-85,egopi3,1489692145424
-62,egopi1,1489692145459
-55,egopi2,1489692145486
-79,egopi3,1489692145553
-67,egopi1,1489692145586
-53,egopi2,1489692145611
-81,egopi3,1489692145679
-63,egopi1,1489692145712
-55,egopi2,1489692145738
-85,egopi3,1489692145804
-64,egopi1,1489692145839
-59,egopi2,1489692145870
-79,egopi3,1489692145930
-70,egopi1,1489692145967
-59,egopi2,1489692145991
-82,egopi3,1489692146059
-65,egopi1,1489692146094
-52,egopi2,1489692146122
-89,egopi3,1489692146187
-68,egopi1,1489692146219
-53,egopi2,1489692146250
-84,egopi3,1489692146312
-60,egopi1,1489692146346
-54,egopi2,1489692146375
-60,egopi1,1489692146473
-55,egopi2,1489692146500
-60,egopi1,1489692146602
-64,egopi2,1489692146633
-90,egopi3,1489692146695
-60,egopi1,1489692146730
-61,egopi2,1489692146763
-59,egopi1,1489692146855
-56,egopi2,1489692146879
-85,egopi3,1489692146946
-59,egopi1,1489692146981
-55,egopi2,1489692147007
-83,egopi3,1489692147072
-62,egopi1,1489692147110
-54,egopi2,1489692147136
-71,egopi1,1489692147238
-58,egopi2,1489692147271
-82,egopi3,1489692147331
-79,egopi1,1489692147363
-60,egopi2,1489692147389
-79,egopi3,1489692147461
-68,egopi1,1489692147488
-62,egopi2,1489692147525
-84,egopi3,1489692147585
-64,egopi1,1489692147618
-54,egopi2,1489692147643
-85,egopi3,1489692147710
-56,egopi1,1489692147744
-52,egopi2,1489692147770
-83,egopi3,1489692147836
-64,egopi1,1489692147869
-62,egopi2,1489692147896
-86,egopi3,1489692147964
-58,egopi1,1489692147998
-53,egopi2,1489692148025
-79,egopi3,1489692148091
-56,egopi1,1489692148122
-57,egopi1,1489692148249
-56,egopi2,1489692148278
-60,egopi1,1489692148376
-51,egopi2,1489692148404
-99,null,1489692148476
-59,egopi1,1489692148503
-49,egopi2,1489692148530
-61,egopi1,1489692148631
-49,egopi2,1489692148666
-91,egopi3,1489692148726
-69,egopi1,1489692148756
-51,egopi2,1489692148786
-76,egopi1,1489692148883
-49,egopi2,1489692148918
-72,egopi1,1489692149013
-46,egopi2,1489692149036
-64,egopi1,1489692149139
-52,egopi2,1489692149168
-88,egopi3,1489692149232
-73,egopi1,1489692149270
-52,egopi2,1489692149306
-95,egopi3,1489692149361
-51,egopi2,1489692149416
-69,egopi1,1489692149520
-55,egopi2,1489692149554
-92,null,1489692149584
-96,null,1489692149588
-91,egopi3,1489692149615
-64,egopi1,1489692149645
-53,egopi2,1489692149671
-88,egopi3,1489692149739
-58,egopi1,1489692149771
-54,egopi2,1489692149797
-90,egopi3,1489692149868
-63,egopi1,1489692149899
-59,egopi2,1489692149925
-86,egopi3,1489692149999
-68,egopi1,1489692150029
-53,egopi2,1489692150057
-81,egopi3,1489692150122
-74,egopi1,1489692150163
-59,egopi2,1489692150202
-68,egopi1,1489692150284
-65,egopi2,1489692150318
-83,egopi3,1489692150377
-70,egopi1,1489692150439
-80,egopi2,1489692150444
-79,egopi3,1489692150502
-66,egopi1,1489692150542
-67,egopi2,1489692150568
-77,egopi3,1489692150628
-63,egopi1,1489692150666
-72,egopi2,1489692150698
-68,egopi1,1489692150790
-60,egopi2,1489692150821
-80,egopi3,1489692150882
-60,egopi1,1489692150925
-70,egopi2,1489692150956
-76,egopi3,1489692151008
-64,egopi1,1489692151045
-75,egopi2,1489692151073
-82,egopi3,1489692151137
-64,egopi1,1489692151177
-64,egopi2,1489692151207
-85,egopi3,1489692151263
-63,egopi1,1489692151303
-72,egopi2,1489692151335
-82,egopi3,1489692151392
-60,egopi1,1489692151427
-70,egopi2,1489692151455
-84,egopi3,1489692151516
-66,egopi1,1489692151557
-69,egopi2,1489692151599
-99,null,1489692151629
-58,egopi1,1489692151683
-77,egopi2,1489692151706
-84,egopi3,1489692151775
-66,egopi1,1489692151831
-64,egopi2,1489692151850
-71,egopi2,1489692151962
-74,egopi1,1489692152063
-74,egopi2,1489692152093
-83,egopi3,1489692152153
-70,egopi1,1489692152193
-75,egopi2,1489692152229
-85,egopi3,1489692152280
-68,egopi1,1489692152319
-69,egopi1,1489692152444
-71,egopi2,1489692152477
-85,egopi3,1489692152533
-72,egopi1,1489692152568
-68,egopi2,1489692152596
-83,egopi3,1489692152659
-88,egopi1,1489692152695
-65,egopi2,1489692152731
-70,egopi1,1489692152823
-60,egopi2,1489692152852
-100,null,1489692152888
-84,egopi3,1489692152913
-69,egopi1,1489692152949
-70,egopi2,1489692152981
-89,egopi3,1489692153043
-68,egopi1,1489692153074
-63,egopi2,1489692153105
-81,egopi3,1489692153172
-70,egopi1,1489692153200
-77,egopi3,1489692153299
-61,egopi2,1489692153362
-82,egopi3,1489692153423
-74,egopi1,1489692153455
-67,egopi2,1489692153486
-79,egopi3,1489692153548
-71,egopi1,1489692153580
-63,egopi2,1489692153613
-74,egopi1,1489692153707
-63,egopi2,1489692153742
-83,egopi3,1489692153802
-65,egopi1,1489692153838
-61,egopi2,1489692153870
-82,egopi3,1489692153931
-61,egopi2,1489692153993
-66,egopi1,1489692154090
-65,egopi2,1489692154124
-97,null,1489692154158
-77,egopi3,1489692154190
-64,egopi1,1489692154225
-65,egopi2,1489692154255
-82,egopi3,1489692154315
-67,egopi1,1489692154346
-64,egopi2,1489692154378
-76,egopi3,1489692154444
-68,egopi1,1489692154477
-59,egopi2,1489692154508
-78,egopi3,1489692154571
-63,egopi2,1489692154624
-78,egopi3,1489692154697
-68,egopi1,1489692154729
-70,egopi2,1489692154763
-81,egopi3,1489692154824
-70,egopi1,1489692154852
-81,egopi2,1489692154888
-72,egopi1,1489692154977
-77,egopi2,1489692155039
-77,egopi3,1489692155081
-67,egopi1,1489692155114
-76,egopi2,1489692155148
-67,egopi1,1489692155234
-81,egopi2,1489692155267
-79,egopi3,1489692155329
-66,egopi1,1489692155362
-71,egopi2,1489692155395
-97,null,1489692155439
-76,egopi3,1489692155470
-67,egopi1,1489692155504
-75,egopi2,1489692155536
-76,egopi3,1489692155584
-62,egopi1,1489692155614
-69,egopi2,1489692155641
-77,egopi3,1489692155710
-70,egopi1,1489692155743
-83,egopi2,1489692155789
-74,egopi3,1489692155835
-74,egopi2,1489692155895
-76,egopi3,1489692155963
-75,egopi1,1489692156004
-79,egopi2,1489692156045
-73,egopi3,1489692156088
-62,egopi1,1489692156128
-76,egopi2,1489692156162
-74,egopi3,1489692156215
-59,egopi1,1489692156256
-75,egopi2,1489692156294
-78,egopi3,1489692156340
-58,egopi1,1489692156385
-82,egopi2,1489692156417
-74,egopi3,1489692156466
-65,egopi1,1489692156509
-73,egopi2,1489692156549
-73,egopi3,1489692156607
-66,egopi1,1489692156657
-71,egopi2,1489692156663
-75,egopi3,1489692156727
-64,egopi1,1489692156765
-64,egopi2,1489692156805
-74,egopi3,1489692156852
-73,egopi1,1489692156888
-80,egopi2,1489692156923
-70,egopi3,1489692156979
-63,egopi1,1489692157018
-84,egopi2,1489692157052
-76,egopi3,1489692157107
-61,egopi1,1489692157142
-74,egopi3,1489692157233
-64,egopi1,1489692157273
-76,egopi2,1489692157313
-76,egopi3,1489692157364
-68,egopi1,1489692157403
-90,egopi2,1489692157439
-73,egopi3,1489692157484
-61,egopi1,1489692157519
-79,egopi2,1489692157557
-78,egopi3,1489692157612
-76,egopi2,1489692157675
-74,egopi3,1489692157738
-52,egopi1,1489692157799
-84,Surge,1489692157841
-79,egopi3,1489692157886
-66,egopi1,1489692157922
-59,egopi1,1489692158028
-77,egopi2,1489692158088
-75,egopi3,1489692158122
-69,egopi1,1489692158154
-80,egopi2,1489692158184
-76,egopi3,1489692158246
-68,egopi1,1489692158281
-87,egopi2,1489692158309
-76,egopi3,1489692158373
-74,egopi1,1489692158420
-75,egopi3,1489692158503
-55,egopi1,1489692158536
-79,egopi2,1489692158572
-69,egopi3,1489692158626
-65,egopi1,1489692158661
-66,egopi3,1489692158760
-68,egopi1,1489692158820
-76,egopi2,1489692158831
-70,egopi3,1489692158886
-66,egopi1,1489692158915
-83,egopi2,1489692158953
-72,egopi3,1489692159016
-60,egopi1,1489692159051
-73,egopi2,1489692159091
-70,egopi3,1489692159148
-61,egopi1,1489692159188
-83,egopi2,1489692159220
-68,egopi3,1489692159269
-69,egopi1,1489692159305
-78,egopi2,1489692159337
-68,egopi3,1489692159395
-80,egopi1,1489692159438
-74,egopi2,1489692159483
-69,egopi3,1489692159522
-67,egopi1,1489692159557
-79,egopi2,1489692159591
-69,egopi3,1489692159650
-71,egopi1,1489692159688
-61,egopi3,1489692159777
-65,egopi1,1489692159818
-63,egopi3,1489692159901
-64,egopi1,1489692159949
-82,egopi2,1489692159961
-65,egopi3,1489692160027
-64,egopi1,1489692160064
-74,egopi2,1489692160093
-68,egopi3,1489692160154
-65,egopi1,1489692160198
-72,egopi2,1489692160233
-80,Surge,1489692160240
-75,egopi3,1489692160280
-67,egopi1,1489692160316
-84,egopi2,1489692160347
-56,egopi3,1489692160410
-80,egopi1,1489692160443
-84,egopi2,1489692160478
-57,egopi3,1489692160536
-68,egopi1,1489692160582
-84,egopi2,1489692160622
-75,egopi3,1489692160662
-70,egopi1,1489692160707
-91,egopi2,1489692160745
-62,egopi3,1489692160791
-68,egopi1,1489692160835
-85,egopi2,1489692160874
-57,egopi3,1489692160920
-64,egopi1,1489692160953
-75,egopi2,1489692160988
-67,egopi3,1489692161042
-62,egopi1,1489692161082
-79,egopi2,1489692161126
-58,egopi3,1489692161170
-75,egopi1,1489692161205
-76,egopi2,1489692161244
-54,egopi3,1489692161294
-68,egopi1,1489692161335
-81,egopi2,1489692161378
-53,egopi3,1489692161423
-83,Surge,1489692161459
-65,egopi1,1489692161464
-80,egopi2,1489692161496
-57,egopi3,1489692161548
-71,egopi1,1489692161577
-85,egopi2,1489692161613
-52,egopi3,1489692161674
-61,egopi1,1489692161708
-81,egopi2,1489692161740
-59,egopi3,1489692161800
-65,egopi1,1489692161836
-84,egopi2,1489692161868
-54,egopi3,1489692161929
-73,egopi1,1489692161958
-49,egopi3,1489692162052
-75,egopi1,1489692162085
-82,egopi2,1489692162115
-49,egopi3,1489692162183
-65,egopi1,1489692162218
